R1695EE12,R1B491561,R241AB01B,R247CAC7E,R250FD288,R33B57111,R35B5C04C,R3CEBBE4D,R3E15D408,R40E7D3E7,R4A881FA5,R4B5145FC,R4C83430,R4D0C76F7,R4E6664D,R507C1807,R51C8EC34,R52AC203F,R555722AC,R57C7760F,R596FDB0E,R5B8D4B5D,R5F1B21D5,R625DC447,R65DA4EC,R669A7661,R6B3002E7,R6BFC3A2D,R6F3BF241,R6F462122,R76441565,R7A3A33DF,R7B8A1023,R7B8A1023,R7BB6BC6B,R7C815D4E,R82521F85,R826A6402,R869EE9D4,R8717521D,R87714E78,R87714E78,R8F0AC377,R8F0AC377,R8F0AC377,R900FC5A7,R90F4B990,R91834A13,R91EC2CF4,R93EC2DD1,RA5C8CF2E,RA7DC31A9,RA96926FC,RAF482FE1,RB2214D0F,RB3A190BF,RB4DF8B7A,RB766236D,RB8030CA0,RB86510C5,RC2452FE5,RC94E9E17,RCA09740,RCCD34AE0,RD5ACADC4,RD6F7BF7B,RD6F7BF7B,RD76ABC06,RD830CC8D,REC502913,REEFDC248,RF09B9634,RF0F06CAD,RF382895C,RFE6609A8
0.008201879,0.221918639,0.012287489,0.00465635,16.03328249,0.576592801,2.207182883,0.348578694,3.482774614,0.00155187,2.730848948,0.154717746,0.00175498,0,0.171192398,0.103345864,0.131687619,0.000800849,6.241744764,2.132748524,0.001483672,1.144596187,0,3.199755634,0.613116438,0.001609308,3.402471348,2.647371029,0.004982837,0.000487943,0.16701551,0.647234611,0.00455915,0.081886199,0.260805889,0.003488402,0.95305352,2.342036745,2.582608005,7.150431639,8.135573609,0.127638106,0.043574428,0.650136314,0.031777412,0.006213854,0.00237301,1.909989031,0.071368965,0.002588215,0.007285568,1.296867921,0.19758071,0.001116107,0.037333859,0,0,0.005303384,0.078172332,1.425937244,0,0.853022321,0.005102086,0.038449091,0.985912672,0.006540479,8.065188017,0.006208458,0.093945487,0.001624521,0.260085581,4.773468195,0.211554584,4.411886347,1.13838438
0.006501271,0.132797673,0.018539891,0.0124603,16.4455972,0.361929643,2.030729251,0.324279856,4.388093894,0.001705885,3.083207643,0.178810515,0.002070552,0,0.187227623,0.29161131,0.134490737,0.002209145,6.487729451,1.624979752,0,1.394912648,0.00052878,2.589880195,0.563482674,0.001828865,4.486069561,2.080153697,0.008112447,0.001002091,0.176422028,0.761815664,0.005635135,0.080756922,0.311164077,0.005642208,1.065942544,2.86618659,2.754101909,6.763373896,9.831078853,0.145245161,0.03547774,0.46248071,0,0.02451814,0,3.202500971,0.039625622,0.001479847,0.011435059,1.32519844,0.207541437,0.014145422,0.051915167,0,0.001846332,0.003367468,0.065788271,1.624202998,0.000947359,1.157450808,0.005614567,1.082801613,0.882051367,0.006134693,10.46339294,0.06270856,0.093273042,0.003240883,0.297618739,4.725228282,0.129037996,4.409717345,1.439089377
0.004415322,0.10778964,0.008222748,0.003005676,14.7491066,0.418400542,2.973934513,0.239227203,4.271288528,0.001343638,3.34327073,0.128334819,0.001458257,0,0.177446412,0.112760191,0.066546146,0.002534796,5.778007657,2.262216725,0,1.13745838,0,1.573509296,0.377195156,0,3.030515455,1.39669443,0.006602412,0,0.142860511,0.543499991,0.003507986,0.061843739,0.179647697,0.00822915,0.705958924,2.499546407,2.668867394,3.757733793,13.67732274,0.176871355,0.085434667,0.536705707,0.051512412,0.001045322,0.012450133,2.393499547,0.161578566,0.005445833,0.006875497,1.024150187,0.113083223,0.001052178,0.015227257,0,0,0.008334557,0.091628575,1.005902875,0,0.799072091,0,0.090027554,0.697090686,0.009065564,9.313552776,0.012116441,0.094862209,0.001434686,0.240341985,4.238057197,0.092236621,3.81625662,0.927831174
0.004771875,0.6158547,0.005628863,0.003782156,22.90982682,1.757867344,5.092881769,0.927862679,10.09364236,0.002249469,3.710920302,0.203952643,0.005636168,0,0.497351653,0.159730293,0.176804787,0.001653411,8.873912131,2.712191366,0.006818157,2.088326523,0,3.977276449,1.104766273,0.003870967,5.588336925,4.132255609,0.011642583,0.001152779,0.190277949,0.879199324,0.010120722,0.317886698,0.56718961,0.009991015,2.605513527,4.436042258,4.133595527,11.24809677,8.507621701,0.079739446,0,0.644714076,0.372585181,0.007356554,0.004204146,20.15830774,0.139354427,0.008141008,0.033067632,0.640325122,0.197792342,0.015094907,0.079568185,0,0,0.008331185,0.116996551,2.011390318,0,0.805868244,0,4.705083226,1.373585553,0.031385117,13.31960294,0.121354612,0.140623761,0.003920061,0.861295446,6.816219513,0.187764467,10.67228923,2.509584404
0.004710476,0.11515512,0.011308401,0.00273372,10.25277299,0.363835307,1.838756023,0.189330769,3.578104618,0.003573449,2.073910296,0.060305015,0.001049793,0.00194648,0.164916859,0.103624076,0.106358289,0.001121151,4.654643696,1.254429011,0,0.641242801,0,2.027990677,0.81903782,0.000458234,2.478929319,1.368476936,0.005573362,0.001118599,0.13092279,0.456793977,0.00296758,0.064047621,0.226538515,0.001224023,0.738744076,2.218961813,1.50166382,4.396792685,6.941434256,0.065531507,0.018781365,0.283744028,0,0,0,1.759319219,0.06019317,0.005217281,0.006609183,0.954611567,0.077645295,0.738611561,0.012094442,0,0,0.003185204,0.033765606,0.834256521,0.002482868,0.522499376,0,0.130232462,0.565956264,0.003831151,4.3741408,0.236944798,0.084785076,0.001479008,0.213390698,6.600511145,0.08648209,3.54837046,0.907531356
0.007228344,0.160083183,0.020941662,0.00890403,21.63362208,1.136421314,3.875807881,0.484328475,7.672393971,0.002557953,3.716604276,0.27336698,0.007620081,0,0.469722909,0.340600212,0.213656061,0,8.910407467,4.421257589,0.009772469,2.15900135,0.000454342,6.590540785,0.866205603,0.002432975,6.552345988,5.807677739,0.003786375,0.001218898,0.390623621,1.301423965,0.006871577,0,0.514160395,0.004075254,2.598784388,4.005120696,3.213034496,14.94224994,15.14041406,0.227204558,0.050655812,0.532240573,0.082755775,0,0,4.351823183,0.063178156,0.005942072,0.011641769,3.471166022,0.444157841,0.008681149,0.024619962,0.004220908,0.003046364,0.002634331,0.099316486,2.704501608,0,1.545069312,0,0.434768444,2.046376822,0.019852705,15.06934997,0.087954628,0.090464267,0,0.784308513,9.709730793,0.34802434,14.21651961,3.040418535
0.012415392,0.110280483,0.015199991,0.017908868,13.79760641,0.290970987,2.095908775,0.457021495,6.022160458,0.006808173,6.437717456,0.110409783,0.00127817,0.001218658,0.3333195,0.151027875,0.101240127,0.004314538,6.733674268,1.623125438,0.001821347,0.861878901,0.000580187,3.831752543,0.845458136,0,6.548393869,2.206386372,0.004883562,0.001404234,0.145533907,0.731128718,0.010678135,0.082227892,0.283808728,0.007863092,1.077499519,2.337757478,2.537514087,5.231587541,7.993522313,0.071460091,0.048732855,0.259121557,0,0.00708111,0.002341772,3.19427279,0.038478966,0.003553947,0.010159382,2.051170484,0.229542741,1.006636466,0.010939589,0,0,0.00632431,0.077823937,1.131583955,0.003560355,0.778315368,0,0.100652455,0.921416012,0.011691281,6.128244696,0.30791409,0.071587472,0.001868694,0.388968079,9.877512511,0.163086764,5.453830324,1.393639121
0.004798993,0.120730007,0.012602522,0.004472585,12.47906965,0.422502085,2.002625315,0.240961305,5.945754845,0,2.071501006,0.151920591,0.005905401,0,0.208316811,0.221366043,0.116488308,0.001032773,6.825361858,2.121704698,0.000871338,1.11230812,0,3.098912883,0.801757979,0.002477086,3.503764772,3.109567798,0,0.001478379,0.203261102,0.571638235,0.006817047,0.135184837,0.500511221,0.003402517,1.29633991,2.966270741,2.44122026,10.75606048,8.335927735,0.06621085,0.047759805,0.380134682,0.021128799,0,0.001794243,2.332996033,0.062676265,0.004085795,0.005311721,1.504856628,0.09582571,0.00638153,0.038730862,0,0.001673352,0.00331013,0.078498451,1.318630205,0,0.489622782,0.002617928,0.232493681,1.112881341,0.008265679,9.796535725,0.045103337,0.102340035,0.00166837,0.501927231,4.497800255,0.232044053,5.832964251,1.39077355
0.006716276,0.170252927,0.022232423,0.033952689,15.76749592,0.593961859,2.092888084,0.211984789,10.11489096,0.000708542,4.749221153,0.191999548,0.003127358,0,0.40089403,0.093243757,0.076303045,0.003321497,8.952656906,4.104386799,0.060455985,1.308841841,0,5.142957129,0.402448072,0.001843608,5.656732218,5.645081619,0.060919202,0.001096873,0.153138519,0.5400151,0.007291489,0.113013706,0.466628175,0.00518061,1.883095614,2.699847313,2.039340114,14.1444787,10.59680312,0.149705745,0.074643977,0.516842546,0.044832843,0.001869628,0,5.571709334,0.082328668,0.004500664,0.010457304,2.758633568,0.12903319,0.007061654,0.018104787,0.001016971,0.001805814,0.007780171,0.051425157,1.422222298,0.000602606,0.641892736,0.002592042,0.226474015,1.8890674,0.01943461,16.08293779,0.054336388,0.115798002,0.001893364,0.620425828,6.754279965,0.162808474,7.970525125,3.079815485
0.007949009,0.168960721,0.01356535,0.013493451,15.02896872,0.441711974,2.963968068,0.397649649,7.812093646,0.006230528,2.996581058,0.14278472,0.003159325,0.004327637,0.272117681,0.327375992,0.194843426,0.003955216,7.740588845,1.875820575,0.001983975,1.337457146,0.000489303,4.361338242,1.107172893,0.002484635,5.469480743,2.958154694,0.004439462,0.002794947,0.16236017,0.663168214,0.007146924,0.09916892,0.372919115,0.004742967,1.517690334,3.76229037,2.889156011,8.746961617,13.63504624,0.148448726,0.097222752,0.516619434,0.033783416,0.002995406,0,3.901263485,0.078269632,0.012383764,0.012713179,1.56283142,0.103804214,0.697649667,0.01595139,0.002084731,0.001779783,0.009110339,0.071134534,1.584355374,0.004244078,0.979830976,0.005712673,0.189765468,1.254755981,0.010610034,8.098336405,0.381010577,0.115107184,0.002659196,0.511522386,11.80003925,0.146935288,7.675988683,1.873632706
0.004454411,0.337331824,0.010958191,0.008183302,12.67257467,0.613988195,2.095172069,0.209773626,5.053902743,0.001874867,3.69352806,0.170940574,0.001466532,0,0.244919253,0.154183861,0.047036937,0.001478938,5.990798391,3.230067908,0.001898359,1.105453053,0.000453259,1.956853606,0.480387347,0.001597735,1.875637066,2.117853144,0.004232825,0,0.210267907,0.34971232,0.004556616,0.075631217,0.273819656,0.003344292,1.11832743,1.750928887,2.531146804,5.389712875,21.37047548,0.306450178,0.021351411,0.501118661,0,0.08988856,0,5.815244149,0.086188944,0.001316676,0.010720735,1.122314702,0.210498006,0.002985515,0.004660482,0,0,0.005066897,0.067388674,1.268428205,0,0.851128494,0.008859757,0.225700065,1.059753608,0.01897264,11.11979353,0.056761792,0.068262016,0,0.440454109,5.624946175,0.125584909,5.263651605,1.301167835
0.006386998,0.225730968,0.022451047,0.040709591,14.60092101,0.33099549,2.910353885,0.366457764,7.030552363,0.004922462,3.153092367,0.201811318,0.001552288,0.000974432,0.407555888,0.233620388,0.127344375,0.003565108,8.224841941,2.565415647,0.002621035,1.195822083,0.000709241,2.269875334,0.902066934,0.001488364,4.15558386,2.716577606,0.021029758,0.001662227,0.171224292,0.692594091,0.006262997,0.088195484,0.339228522,0.006794919,0.856791554,3.566487126,2.386081226,7.935440192,17.88358463,0.197180385,0.034269797,0.635653117,0,0.079661013,0.010338003,3.19556643,0.039067255,0.008033543,0.015633098,2.197939439,0.16098185,0.425702057,0.014050447,0,0.002799808,0.005710176,0.044726936,1.17933822,0.003476215,0.947361537,0.004076161,0.325645805,1.190652504,0.015930759,11.24771801,0.196575904,0.080412453,0.001736712,0.274076253,9.947621148,0.207699181,3.818295689,1.429474198
0.00963715,0.220333449,0.020296309,0.028431657,15.32458237,0.573504964,3.133266272,0.323160335,7.632167225,0.005934662,3.27338565,0.157345732,0.002319088,0.001957173,0.31884587,0.121783404,0.13541944,0.005289248,8.918880565,1.781691835,0.001458817,1.557497733,0.000644945,4.460840006,1.208266879,0.001262349,5.464749379,3.768614045,0.007160998,0.001721435,0.247309632,0.332575874,0.008324059,0.116255351,0.298368372,0.003269532,1.343786339,2.372520069,2.777093223,10.10739967,10.83924791,0.095350996,0.098373433,0.524449761,0.068401633,0.017501175,0.00549973,3.596461573,0.042810548,0.006617815,0.008037411,2.160792121,0.151241799,0.795847155,0.005738671,0.005082113,0.002507712,0.011322538,0.06202366,1.578787628,0.008670822,1.182092902,0.006153841,0.918758513,1.421512202,0.012954178,13.44506118,0.240269142,0.090504354,0.003577239,0.444309134,12.68837033,0.199750313,7.338025924,2.369164043
0.007617193,0.160039208,0.014895522,0.006711868,13.11067533,0.438349674,2.214320334,0.145856005,6.399965501,0,3.132631555,0.113993037,0.002546933,0,0.244785137,0.500773358,0.136243473,0.001960737,6.215926058,2.184893923,0,1.340990807,0.00019367,2.556420857,0.751687959,0.000910659,3.589242958,3.904516098,0.085027022,0.001148329,0.195670196,0.602874774,0.004731299,0.071438454,0.333822503,0.004542271,1.631922302,3.818549148,1.695560243,7.495815923,7.522661995,0.085401249,0.042054113,0.314108343,0.062666237,0.002406799,0,1.193755604,0.056320819,0,0.012653687,1.816503195,0.157952616,0.010604418,0.005100894,0,0.003792237,0.006617851,0.059360443,1.585854238,0.001186419,0.815634626,0.001895965,0.010140848,1.578332148,0.005172479,12.7967115,0.063340128,0.091746399,0.00191462,0.463448271,5.384633715,0.130243898,6.282222121,2.366110246
0.004770746,0.082129296,0.009776226,0.003169174,15.21399566,0.458442666,2.671158854,0.351387419,10.18366822,0,3.079916584,0.09288877,0.001302858,0.000477603,0.192018905,0.435831675,0.175457482,0.001626966,6.494456098,1.987407593,0.008559526,1.398367371,0,3.609378401,1.002854151,0.002306376,4.538701588,3.187062006,0,0.000884435,0.204806155,0.593685928,0.005853839,0.085697465,0.460789126,0.003901547,1.634483063,3.446807557,2.261454388,8.745108372,4.786894079,0.038600895,0.021498473,0.118964501,0.03490339,0.000397376,0,2.178140399,0.077328342,0.004772936,0.012623221,2.496981374,0.052630097,0.00544222,0.02624989,0,0.003660967,0.004931824,0.048737472,2.095550834,0.000647097,0.745414211,0.002344186,0.309161787,1.587507244,0.007125847,9.403315212,0.111526545,0.077526296,0.00174604,0.628210144,5.439895742,0.189233007,7.484438007,2.041260996
0.006086234,0.172742714,0.015000737,0.010451218,15.86445846,0.4575722,2.979859131,0.331360461,6.21166637,0.010288994,4.988752587,0.126419266,0.003256179,0.002256883,0.227734527,0.176033717,0.184720371,0.004846931,7.790653526,1.46191596,0,1.315781277,0,4.380226679,0.948562889,0.002967054,5.554982068,2.595075227,0.018654733,0.001639762,0.124143291,0.77913048,0.005795951,0.100635802,0.252663254,0.004072844,1.047028121,3.953593283,3.068273817,7.370889526,7.490280394,0.061956502,0.03526746,0.413244179,0.043217889,0,0.014795659,2.70515003,0.039338271,0.007730741,0.011309074,1.689022979,0.206147943,0.627791553,0.034326623,0,0.00366038,0.007727708,0.075215808,1.25607454,0.004579171,0.903741832,0.004611454,0.059369882,1.342930468,0.012893573,7.706667976,0.456513552,0.098333173,0.002077917,0.342644597,11.20941784,0.129470571,4.690747095,1.720858147
0.007494133,0.167875742,0.010042542,0.005380113,16.79292657,0.335763476,2.055564377,0.343315202,4.277659905,0.00053644,3.063950408,0.155936653,0.002488324,0.000259944,0.290404129,0.099710314,0.075002035,0.000461165,5.850476103,2.080389535,0,1.106816555,0,4.524235523,0.516594649,0.001999567,1.834315674,2.520955378,0.006617646,0,0.100365222,0.536083761,0.003363151,0.074918963,0.254231313,0.005975351,1.28001259,3.199857089,3.254885235,6.881406334,7.863650606,0.181348315,0.042703336,0.429147568,0.037787494,0.000378027,0,2.287989153,0.048785173,0,0.015254691,1.567540358,0.21436342,0.001638898,0.042679627,0,0.001604603,0.005076108,0.079139231,1.51622422,0,1.178076172,0.002950478,0.041380836,1.082305106,0.008267136,8.062850636,0.033359986,0.076344022,0.001528828,0.384241298,5.034160304,0.166165813,5.468982012,1.379028349
0.004958577,0.086738803,0.019575179,0.011053365,15.55986693,0.344806791,2.153041312,0.386222875,7.016088078,0.010631242,2.621040954,0.183315097,0.003092817,0.001319511,0.182415317,0.269578079,0.168867943,0.002465629,7.390262099,1.559785989,0.002005126,1.185670527,0.000602545,4.347394404,0.928929648,0.001585522,4.593699119,2.730164571,0.003198908,0.001055269,0.135521262,0.817313262,0.006180835,0.103563269,0.399228298,0.007528073,1.132794029,3.040903739,3.235569975,9.089429692,8.251569114,0.114805511,0.03287662,0.326737092,0.054019091,0.002790537,0,2.245572046,0.061990626,0.006854111,0.009735941,1.957448809,0.117272004,0.775580087,0.032387483,0,0.001806859,0.006502295,0.071602707,1.352435292,0.004711388,0.991558111,0.005436245,0.165644977,1.230915915,0.008334085,8.091282966,0.327002455,0.092433323,0.002509755,0.41312448,8.942662339,0.158918163,5.802735632,1.964760514
0.001602295,0.219931767,0.010319767,0.004417596,9.266110975,0.289889712,2.089181593,0.18187557,3.515469124,0.002511856,1.483966679,0.128962227,0.000990628,0.000425469,0.194133441,0.087234798,0.060770796,0,4.640897428,1.742537487,0.001059565,0.506420087,0,1.257637126,0.334444672,0.001384141,2.154506892,1.047879097,0.004827738,0,0.085097112,0.276729925,0.002940597,0.06101277,0.217639373,0.005726977,0.522177791,1.951784414,1.366457713,3.254895914,10.78387482,0.182578591,0.00662372,0.396877256,0,0.003495438,0,2.728914182,0.033530821,0,0.013461866,1.18831886,0.153674172,0.307394444,0.02656279,0,0,0.001781613,0.03626867,0.604424233,0.001630274,0.514289528,0.005404402,0.07242387,0.596677384,0.0089984,4.880655624,0.132352939,0.062072252,0.001955323,0.199431619,4.263183516,0.109754697,2.607664196,0.718826761
0.00852727,0.222266457,0.021125791,0.017607066,19.273073,0.45871081,3.177776556,0.365200345,5.00322684,0.008442751,3.86548759,0.25008425,0.003642269,0.002270202,0.165515333,0.568716508,0.134079132,0.00214177,8.573746181,2.009596878,0,1.271358208,0.001022964,4.109843656,1.011416956,0.006369462,4.522594799,2.672360117,0.011186965,0,0.230207427,0.805110179,0.028465017,0.373624562,0.376780481,0.019358008,1.190005861,3.339972195,6.124459177,8.47144675,10.49432783,0.165995464,0.011396444,0.341613983,0.145905119,0.015726947,0,4.621495665,0.09223958,0.005441183,0.027715695,1.897432813,0.53617912,0.718535834,0.162673913,0,0.000563882,0.0028113,0.538613997,1.520956831,0.004408212,0.873965846,0.003187665,0.219371606,1.292800019,0.011104063,8.812020997,0.303365945,0.116698749,0.004715194,0.388961182,9.974781908,0.346709897,5.31141735,1.79161396
0.012406864,0.154413337,0.022316285,0.013505579,15.76813526,0.317287067,2.053476539,0.476522577,7.362019863,0.006331837,6.541621656,0.154069369,0.002131319,0.001831022,0.344184556,0.179770778,0.116724647,0.005215913,7.678529687,1.751329367,0,1.014237229,0.0005803,4.6514605,0.856441712,0,6.842338668,2.61159371,0.005427192,0.001279379,0.1903481,0.922259068,0.010120722,0.111717151,0.247298663,0.008665972,1.250111743,2.597970968,2.900331195,6.953606013,8.133247618,0.091581457,0.044240391,0.221646557,0,0.008874059,0.002946284,2.795134777,0.054692983,0.006628218,0.009220246,2.60046071,0.276106422,0.710355309,0.015816839,0,0.001684139,0.005544914,0.090810632,1.335078292,0.003699873,0.895363337,0.002987068,0.049256684,1.378142486,0.015342893,7.161983986,0.320711953,0.076840173,0.002065535,0.45659832,11.35334018,0.19188174,5.899136432,2.070059988
0.008271685,0.163906436,0.017468181,0.01685705,13.67462581,0.550108363,2.722607417,0.295047699,5.536673171,0.001927986,2.97915482,0.218637325,0.002314872,0.00153199,0.205178713,0.120187078,0.112953634,0.004420187,7.241316132,1.860483955,0.001491534,1.821664587,0,2.839230698,0.710147371,0.001981056,3.565639532,2.048460032,0.019094033,0.000672721,0.257401783,0.482853283,0.005031577,0.071638261,0.278956196,0.011221814,0.722412306,2.333959322,2.341346139,7.858081614,9.478129939,0.11514899,0.028158299,0.465749966,0,0,0,4.671314361,0.056025492,0.001002759,0.012201603,1.405576018,0.155607347,0.00546836,0.012537391,0,0.001413349,0.009289237,0.065919879,1.180930352,0.000376316,0.813021002,0.00558363,0.339290396,1.296465483,0.010036457,10.29586326,0.086876402,0.061709244,0.001702176,0.212781256,7.196947173,0.130167406,3.772203418,1.861310903
0.011337308,0.214452127,0.022162197,0.014554464,15.63720344,0.558478493,4.328762275,0.803263074,7.935371132,0.011346817,3.856527508,0.212460048,0.002355664,0.001488797,0.217181156,0.536470759,0.309168194,0.002490438,10.4918331,1.565800849,0,2.157867546,0.001065305,5.97624867,2.189170698,0.001507905,5.784279714,4.280010102,0.006545014,0.002965778,0.162804581,0.843227638,0.016308874,0.114245862,0.536085452,0.00477579,1.762523418,3.803371474,4.766588476,9.775984138,5.979878981,0.046230809,0.040921593,0.349260156,0.091173251,0.000897141,0,3.434251694,0.110766132,0.022124836,0.019338759,2.369506498,0.098353208,1.182648591,0.010025924,0.004208237,0.003748878,0.0155636,0.077740386,1.870640851,0.009730994,1.234298373,0,0.298388351,1.510083164,0.007729962,11.89278482,0.609144784,0.111050117,0.00253163,0.585773414,15.78384549,0.263358373,6.446019682,2.345630389
0.013471341,0.252670663,0.047251011,0,21.76985805,3.37988532,4.00875243,0.441888274,9.151951628,0.00382077,9.039070258,0.189903723,0.002519233,0.001016991,0.378231065,0.936018774,0.249006423,0.007270516,8.43334878,1.457277418,0.002011178,2.406856548,0.001848906,11.85200132,1.568306254,0.0024747,4.736043745,3.817290394,0.012959302,0,0.219395635,0.791033381,0.017245381,0.128114544,0.521856249,0.007648883,2.120001677,16.13717103,4.681238444,9.229845604,6.874293802,0.071614471,0.025196109,0.24181137,0.521988319,0,0.039214887,2.675539932,0.078049746,0.011184106,0.016736576,3.641103927,3.370655047,0.011654924,0.001448099,0,0.009295212,0.017756975,0.218212727,2.805329051,0,0.804575582,0.005161915,0.579833133,2.087076312,0.018527459,13.05800984,0.111724716,0.082304695,0.013008882,0.576880702,11.09787425,0.482215941,7.551941563,4.671911344
0.034141434,0.145475493,0.00870238,0.007762252,19.67102025,1.274791571,3.344344373,0.532313861,9.7955881,0.014269785,3.940126817,0.65323799,0.015404752,0,1.592340597,0.145914352,0.174630968,0.004012575,7.214737047,3.756777624,0.078949926,1.459331704,0.003492888,6.278792584,0.331937998,0.004510732,5.587726771,4.249098353,0.229094247,0,0.235844879,0.532889663,0.014990486,0.132994743,0.203213334,0.062305993,2.146829949,2.644644914,3.556937893,12.63386654,19.44912918,0.315305935,0.548757543,3.633402243,4.603972777,0.027394671,0,100,0.135559419,0.012696919,0.330361262,2.456325492,3.118606197,0.001510502,0.00369746,0,0.002577098,0.009611114,0.168487487,1.524582336,0,0.211192194,0.005401116,0.178422171,2.46602139,0.070795427,8.708845137,0.039306508,0.093780523,0.007130149,1.009038993,10.87355111,0.235061673,11.68977008,3.685397417
0.019083612,0.176047133,0.018646713,0.02663798,19.10127864,1.181710221,4.985459392,0.521322943,14.10791644,0.001293952,7.434749244,0.209614768,0,0,0.305869726,0.597456763,0.278094451,0.00401653,10.28635568,2.389216186,0.002583985,2.759381487,0.000988817,7.766259462,1.531622247,0.000974835,8.514086345,5.067749398,0.005450768,0.003609161,0.202793074,0.742380527,0.013144082,0.121303673,0.618613209,0.005149047,2.129161109,7.643926043,7.001280626,10.2973769,7.963878218,0.073754116,0.034407659,0.281323725,0.071941686,0,0.003414071,4.693572173,0.076694854,0.005306653,0.025147058,5.021732951,0.259551985,0.017752445,0.001621969,0,0.00272355,0.021364478,0.159657895,2.914779817,0.001196692,1.041229965,0.001631062,0.216142977,1.900596964,0.044366389,13.49137167,0.166117677,0.097318812,0.005694987,0.810833667,11.36230596,0.26503652,9.607548836,5.016035094
0.032686589,0.301529698,0.009142565,0.034247478,20.70207828,1.05506069,6.027394826,0.618932437,15.17052449,0.004770724,2.858586895,0.300155738,0,0.000897577,0.574144264,1.588003305,0.286791328,0.00363819,12.46923314,4.476139426,0.004807183,3.404098544,0.001242752,9.494447469,1.227323784,0.002905978,7.039842085,5.574130728,0.027466024,0.002507251,0.188541577,0.435032494,0.013691981,0.137996265,0.162696062,0.004031462,1.888433039,3.958390504,4.455477484,15.27199092,15.15152357,0.178565299,0.048954883,0.829848388,0.095593754,0,0,7.079069231,0.211365135,0.002947961,0.012096129,8.308796877,0.208766996,0.195477587,0.003867124,0,0.009850515,0.019697296,0.07738625,2.935261453,0.002273445,0.803057049,0.005204088,1.214629533,1.632102786,0.025057582,15.79252577,0.600486798,0.096907363,0.001224253,1.228002376,21.02565649,0.417454251,11.59940105,5.774121751
0.030462479,0.217327465,0.009489916,0,20.58840734,1.978868816,3.276310403,0.387242409,9.186716888,0.001571704,6.326469334,0.218397438,0.001128127,0,0.564373253,2.044934024,0.209873278,0.00465838,8.295757234,3.206694446,0,2.360388182,0.001173663,4.715377175,0.700658699,0.001750902,4.769921541,4.410865389,0.001126667,0.005555346,0.158863675,0.74252519,0.016689833,0.158098202,0.073018327,0.007404893,2.137350489,4.908817051,1.962038493,12.90590275,11.23759885,0.123655951,0.031460279,0.398713815,0,0.000331983,0.004431371,7.695160482,0.152325666,0.009503122,0.009786175,6.15389253,1.079517495,0.016299929,0.000876164,0,0.004501635,0.013693571,0.089895902,2.256530793,0.00043896,0.473077823,0.002390869,0.123788554,1.857864457,0.009945675,14.48564103,0.129526627,0.083928426,0.023684635,1.0918498,8.84117882,0.237955077,8.96120832,4.59038243
0.006524987,0.13489332,0.015252109,0.013402002,22.91118382,0.904383046,3.711310459,0.37339117,9.515839175,0.00107778,4.063164726,0.186570769,0.000747793,0,0.371666991,0.255842224,0.178318847,0.004028612,10.2295195,5.054229535,0.002219334,2.465491154,0.000618085,6.438096221,0.661411395,0.001361349,8.248240677,6.064532354,0.006847913,0.000302903,0.164689142,0.572129358,0.008799238,0.091761545,0.467605035,0.009586929,2.842218282,7.109359079,3.797817078,13.64950483,10.57494579,0.226431297,0.037222539,0.39641479,0.050172972,0.000550347,0.003993693,2.608559314,0.059409596,0.004814036,0.009959745,4.256968416,0.156094298,0.014868328,0.001050241,0,0.003390304,0.010001836,0.073179098,3.337178444,0.00128799,1.329314756,0.005195777,0.024261335,2.498823584,0.013889974,20.79019251,0.093145116,0.066704598,0.001441204,0.982624461,6.013061543,0.204900535,12.35115371,5.612330864
0.008883116,0.100741629,0.012431965,0.028389203,17.91595769,0.514160707,4.726409788,0.581225425,7.92263621,0.001623642,2.732995701,0.162046494,0.001305209,0.000546691,0.248182613,0.370515232,0.250607344,0.002549492,6.841292791,2.649368625,0.011246444,2.09951114,0,3.693345797,1.66690311,0.00173456,5.907249631,3.698434924,0.003456269,0.000259566,0.14888387,0.635138545,0.006211018,0.103528428,0.543687817,0.006016103,2.511048027,4.418903476,4.006447087,11.63188873,6.87052893,0.058612351,0.535978613,0.255402719,0.10393892,0.000756555,0,5.403709398,0.155999417,0.007820939,0.017284575,2.515952577,0.245877114,0.00353069,0.020575188,0,0.001480666,0.014439953,0.076330634,2.769199309,0,1.274416633,0.001704628,0.605914109,1.49265479,0.014729357,13.8394486,0.159222005,0.119096971,0.001568328,0.871913962,14.68146278,0.220158328,11.18620279,2.259082476
0.017618103,0.148156787,0.017725038,0.006453996,15.5902892,0.54761871,3.574190946,0.464779335,10.49873774,0.003970809,2.984606693,0.172140013,0.001618199,0.001022403,0.263692107,0.830826895,0.25570922,0.001765898,7.697052886,1.989841268,0.00294099,1.81488828,0.002588188,7.437229731,1.580600469,0.001620881,6.000750952,4.624860056,0.007019278,0.002357937,0.259189194,0.801351269,0.015156953,0.074551772,0.399503473,0.004462148,1.961227564,3.454439824,5.816463389,8.717159466,6.196838983,0.05126234,0.012311163,0.277905224,0.088670738,0.006116083,0,2.975564379,0.052799795,0.022629917,0.02356674,2.32883602,0.176082576,0.616454709,0.009634463,0.003698332,0.006820584,0.009531497,0.081647551,2.206069191,0.007332991,1.241209864,0.001800265,0.164840134,1.636879538,0.012569522,12.13534282,0.446567309,0.083399019,0.002433697,0.69864455,12.89543686,0.283154833,7.785266085,2.176960672
0.00708863,0.261434376,0.021254027,0.032610673,18.69518936,0.564750016,3.575591381,0.427215873,8.268513886,0,3.70129204,0.158066352,0.001631829,0.000266271,0.461939884,0.312079509,0.185198779,0.001668463,9.334125722,2.383115713,0.003391328,1.699668639,0.000605177,4.056417432,1.140017272,0.001671735,7.522899079,3.209645542,0.032868285,0.001441018,0.148877351,0.514192923,0.006682058,0.095327601,0.445576921,0.010067161,1.526536146,3.197963617,4.477079576,7.441521457,10.91119556,0.134604641,0.064144399,0.510685115,0.077462497,0,0.000979797,6.965637512,0.093555842,0.004653464,0.014736409,2.379751321,0.154151556,0.001886269,0.004150641,0.00807952,0.004137304,0.010946742,0.100743231,1.429021655,0,0.897908167,0.004271783,0.320567981,1.476483035,0.020523117,7.707599226,0.121927666,0.087622146,0.001710145,0.546061998,10.18727504,0.140847685,6.650241914,2.254798581
0.009246878,0.121852821,0.011157178,0.006829621,17.05021513,0.595173046,2.072448631,0.690522495,7.345653208,0.001458784,3.526399214,0.18580999,0.002658212,0,0.563557875,0.109510471,0.088861672,0.003635664,6.202729783,2.578481276,0.002901686,1.206007457,0.001139899,3.901894286,0.20697776,0.001510375,2.851213072,4.045097897,0.025449652,0.001243667,0.154155127,0.291591442,0.004839409,0.078714383,0.30703103,0.014370108,0.998643678,3.862951926,1.407730514,6.078273283,11.34100894,0.116652705,0.111171619,0.5641064,0.14109892,0,0,12.06750393,0.055906872,0.006511009,0.024381334,1.747441681,0.593280998,0.004718412,0.004151616,0,0.002119744,0.004523678,0.097329347,1.171857512,0.000428302,0.500681336,0.006975172,0.300635136,1.381447696,0.041988562,11.89979554,0.01392936,0.070719609,0.006973985,0.350354825,4.822154867,0.115479487,5.420151167,2.206364123
0.041810701,0.097233454,0.016953013,0.042291119,20.72140101,0.58544146,6.671904167,0.887928462,16.45234521,0.005371611,3.579756377,0.186733253,0.002339413,0,0.340962824,0.465383704,0.400328374,0.007949237,9.898051283,1.788316493,0,4.016030494,0.001537787,9.738841626,1.574723374,0.007501901,5.953154299,5.196600503,0.006540292,0.001451645,0.219500294,0.541732538,0.029532478,0.235753569,0.526429335,0.009162206,2.471676173,4.832110633,11.23130294,13.3563731,9.794204039,0.08015792,0.028921934,0.283303745,0.050587825,0.167333681,0.003594845,3.313536216,0.17550179,0.016636343,0.029501274,3.16509788,0.079407147,0.029323697,0.005434199,0.002415891,0.058038513,0.020191052,0.110053845,4.050686824,0.000779657,2.655697818,0,0.587262267,3.398216644,0.007264195,12.89517059,0.6874978,0.186865678,0.00164641,1.368758073,28.83029871,0.324039701,10.29352161,3.86408039
0.009770894,0.266252312,0.022983125,0.038209145,20.85759426,0.979024053,2.956923706,0.507352272,12.45848958,0,2.183896103,0.219459957,0.000689323,0.000504343,0.904642379,0.218140974,0.153311459,0.00175349,10.80366532,3.118400083,0.003003612,2.331315261,0.000377115,3.846381292,1.19931,0.001928989,7.413920702,4.095803347,0.005251111,0.002638247,0.159308109,0.637063076,0.005612701,0.075983379,0.758121188,0.004522762,2.501011453,1.768970441,3.041862044,16.21853441,12.21602983,0.165712692,0.060287867,0.476055395,0.081940608,0.00107065,0,7.108487633,0.210233021,0.005868671,0.01007559,5.533811427,0.22079765,0.009099171,0.001547766,0.001467169,0.001791868,0.011115531,0.049950477,2.346202809,0.000599276,0.978257889,0.003231547,0.286732836,1.654365759,0.03153159,14.55519718,0.123479962,0.123268197,0.002807271,1.033674234,7.657102383,0.188843807,13.89517127,3.747360816
0.010344444,0.104260061,0.013896558,0.023157801,16.34535393,0.625637325,5.399500616,0.794904603,12.04583171,0.004640357,3.397501475,0.158206231,0.001108644,0.000838005,0.189412556,0.322600686,0.358560802,0.00269105,10.33697071,1.827787132,0.007083211,3.73816721,0.001183519,7.473085722,1.505354648,0.004645232,7.91535067,5.813378088,0.001980915,0.003072665,0.259640625,0.639814243,0.01318448,0.130826664,0.648806452,0.003770257,2.593085996,3.490235654,5.877893882,12.59351093,6.445202346,0.042976319,0.054982374,0.289295132,0.053483193,0.001296916,0.000908497,3.797932416,0.062862205,0.006160745,0.011732283,2.664676945,0.041385878,0.04845955,0.00087546,0.002704686,0.001432047,0.015148483,0.075218428,2.930001276,0.000387528,1.574561046,0,0.254617065,2.188644555,0.01045935,11.31197928,0.561067866,0.10841608,0,0.887275145,15.51518542,0.252657447,10.10646628,3.06302343
0.01581028,0.139933544,0.017158313,0.014763466,22.34860316,0.591677875,3.553275544,0.649075797,7.921450788,0.00508306,2.636531181,0.180608605,0.00130189,0.001361513,0.292306278,0.135572413,0.221620949,0.002000243,7.644325455,1.313116035,0,2.84135983,0.001815677,7.771525157,1.624959105,0.01228119,4.454763739,4.917720888,0.010287368,0.000649343,0.271864155,0.643300113,0.020382834,0.17559409,0.461407957,0.005161618,2.334623585,2.82048056,8.496460935,7.301270721,5.760192508,0.096600951,0.007450961,0.323267308,0,0,0,2.313897032,0.030137403,0.003012739,0.028415057,1.833186854,0.217811779,0.156382443,0.002766854,0,0.00503105,0.006080479,0.173071964,3.083038551,0.002939293,2.371472768,0,0.287901238,2.595996866,0.00520663,9.591680556,0.655618134,0.088928029,0.000896358,0.744953836,19.79953281,0.66645598,8.517712384,2.337003863
0.010239828,0.166894977,0.013427273,0.004079002,14.85491602,0.673513068,3.626746792,0.444850984,9.267685842,0.004719549,4.282530103,0.155837022,0.002559209,0.001810301,0.304707999,0.340446338,0.278742362,0.002204558,8.742018443,2.411706633,0.003475617,2.621616934,0.001632203,7.595696096,1.705266999,0.003997986,5.147237108,5.006088584,0.013659496,0.003202536,0.110403976,0.835944412,0.014622041,0.109738455,0.488615484,0.005795318,1.82032983,2.664959595,7.222496756,9.666307324,7.186605879,0.054723592,0.013497012,0.319056256,0.039428566,0,0.002853929,2.084324033,0.058609197,0.017512368,0.018179458,2.000527153,0.104926572,0.532432893,0.002929083,0.004350958,0.005479585,0.007565243,0.088426773,2.451547493,0.005363276,1.183921496,0,0.640789101,1.959663377,0.014493537,10.29864633,0.772831368,0.078115559,0.00200205,0.706887638,14.55820452,0.374154486,8.326363906,2.732753277
0.015998731,0.413652802,0.023636293,0.012847088,17.2013867,0.751898345,4.777685165,0.370831767,8.104711341,0.001288236,3.746713284,0.17880235,0.001860952,0,0.48325937,0.403486162,0.261850253,0.001418148,7.728540258,2.643401645,0,2.200030125,0,5.254602172,0.756733923,0.002219728,5.879292894,3.890077444,0.007365988,0.001771956,0.239341696,0.564147026,0.005816811,0.069181525,0.515954636,0.018964497,3.090146456,5.907288077,3.618365182,9.540598477,8.1175139,0.161040598,0.037459924,0.355414717,0.055689462,0.00523916,0,6.233018918,0.071635958,0.007774039,0.013918074,2.124100816,0.177051227,0.011651525,0.001016085,0,0.002196694,0.008459241,0.051753134,2.843254191,0.000762258,2.015283344,0.004516021,0.096525349,1.951763945,0.016102104,15.77587575,0.092653287,0.111221334,0,1.151645443,7.772664301,0.177197258,11.97599077,1.954698666
0.010995394,0.182032603,0.027835175,0.025279832,14.63120374,0.363781509,2.304670675,0.405378209,6.031312058,0,3.643155098,0.19439778,0.002261789,0.000635714,0.309179341,0.404102679,0.146260901,0.001603907,7.695903062,2.244164669,0.002375818,1.381792465,0,4.233158164,1.544464142,0.002197285,6.344312606,3.803205586,0.033231835,0.001238951,0.144533073,1.290897737,0.00725657,0.111380892,0.390014,0.002671693,1.192875259,3.027255722,2.696459249,7.933834711,8.708115372,0.114610388,0.040467571,0.363752497,0,0.007372487,0.000875699,5.098922438,0.065642874,0,0.009028553,1.564352711,0.119093756,0.012851012,0.000970175,0.001971525,0.006636584,0.008865585,0.086130251,1.389688159,0.002321538,0.570114274,0.002210638,0.693181507,1.198828445,0.019084124,6.740477095,0.151011756,0.09242735,0.001175253,0.401166757,13.51563971,0.167775043,6.935929341,2.211838423
0.007907872,0.131475053,0.007382996,0.156748772,16.55135963,0.328975044,2.58659323,0.621105177,11.43135946,0,3.357690517,0.10650116,0.001292019,0,0.330669921,0.252729534,0.212400332,0.002526497,7.348673364,2.946864884,0.003676461,1.980119383,0.000290736,4.985523825,1.198939333,0.001856274,6.077510768,5.300145517,0.007048972,0.002517753,0.103979502,0.113176424,0.008122529,0.030925529,0.59854469,0.004634373,2.230497607,3.627207078,3.96174742,11.64375221,8.5474113,0.08758548,0.047652159,0.634325658,0.018583863,0.000612019,0,4.022240967,0.344309728,0.002957192,0.01000998,4.240762309,0.186985288,0.001096439,0,0,0.001125288,0.010566343,0.075042066,1.897004744,0,0.835771405,0.005014294,0.189119715,1.752547006,0.010320976,11.82660552,0.121258553,0.098546485,0,0.892228198,12.80687836,0.165838209,9.781714034,3.309621475
0.020689873,0.121018398,0.014674386,0.015889071,18.49809176,0.785419802,3.887982842,0.661184634,10.8558246,0.004208158,8.094861303,0.158466532,0.001005593,0.000640883,0.405231411,0.252302043,0.324815187,0.003206331,8.943656242,3.28207127,0,2.471395659,0.002088359,6.286092364,1.44238809,0.00219985,8.426698313,6.037315349,0.005208422,0.003696159,0.122022525,0.901787132,0.016062714,0.145016431,0.722707371,0.004904338,3.249686465,3.377189108,4.999505754,16.69250673,8.534958317,0.131570111,0.037339065,0.341784499,0,0.002774219,0,2.86741829,0.153213041,0.01122293,0.010609559,4.912313512,0.10924681,0.511049997,0,0.005774763,0.014703917,0.012032826,0.095718203,3.307830882,0.006481309,0.693988653,0.001792871,0.159390786,3.400665804,0.007674928,14.64656937,0.633391471,0.113656466,0.001375663,1.219997039,15.71589695,0.30449797,10.68625514,6.122464251
0.005871879,0.175985793,0.021518685,0.021873723,15.39278721,0.639174853,3.684435908,0.314797792,14.09599387,0.0018571,3.065891226,0.230109376,0.001734156,0,0.337201601,0.227016933,0.236526118,0.002517386,10.86269293,2.555681659,0.002010905,2.225591633,0,5.186672148,0.949272006,0.001676091,5.697804778,4.694530478,0.007117937,0.001746695,0.166825315,1.072922295,0.006771273,0.098723408,0.523773483,0.016415106,2.140233414,5.081561167,3.391616727,12.88985648,8.459671557,0.082060563,0.061194382,0.587955232,0.121652447,0.000926206,0.005781883,7.810628421,0.05470898,0.016850203,0.020086614,3.015955767,0.26478662,0.02191591,0.002935238,0,0.001676162,0.008337984,0.072612185,1.806313193,0.001876961,0.776116909,0.004641953,0.362955474,2.303527081,0.029535923,17.83725564,0.126340527,0.088643277,0.004162087,0.792847913,8.695989893,0.159904324,10.08432274,3.817175055
0.012231925,0.149572708,0.023010387,0.030494729,23.42487526,0.65138341,4.312587493,0.471550168,11.89805621,0.001231561,4.993964529,0.299964998,0.005358145,0,1.037000625,0.417263845,0.190132174,0.004472192,8.836044839,3.481824141,0.003648961,1.807015013,0.001227533,5.24318047,0.407486294,0.002757855,5.327881545,4.765814214,0.004109558,0.003199276,0.186172157,0.524557979,0.009537187,0.14504818,0.525473744,0.024600834,2.08054332,3.678779345,0.874522602,12.11407357,9.792875512,0.180521968,0.180630966,2.028145529,0.121550024,0.014753671,0,15.08404778,0.060451374,0.012972239,0.019361576,2.707546861,0.541943947,0.002557353,0.006163036,0,0.003460328,0.005123999,0.063359457,1.914284139,0.000505247,0.228414209,0.008543818,0.188419609,2.42003805,0.040264877,10.07615721,0.058166678,0.061482255,0.009552206,0.806687982,9.226784865,0.10423542,10.66485987,4.428605782
0.008260327,0.129998459,0.01834214,0.012332215,13.18121684,0.430899447,3.126852889,0.513026991,9.581735826,0.001070285,2.424591423,0.132362417,0,0.000349692,0.249839066,0.87270629,0.166448185,0.00276961,8.173041489,1.604648874,0.002419543,1.943856504,0.000455032,3.885499863,0.919324792,0.001612185,3.693285992,2.707082838,0.001162722,0.001983828,0.178177011,0.603312276,0.006825491,0.118824132,0.374027623,0.001706049,1.376790642,3.249291324,3.437759903,10.99850456,8.350189109,0.067842796,0.049968971,0.359213941,0,0.001269226,0.005466044,2.524700137,0.164788639,0.004803651,0.006317275,1.969226493,0.126666518,0.003399245,0,0,0.001280672,0.015321865,0.091328815,2.273393154,0,0.800942868,0.004279488,0.099700258,1.375803859,0.009745397,10.05092231,0.104617712,0.12384975,0.001135703,0.529822428,7.238215524,0.183518541,6.615273032,2.025612357
0.006658659,0.106086263,0.015232224,0.011882717,16.69508405,0.707984332,1.886709193,0.293227694,9.06218848,0.002155125,4.170189114,0.124241164,0.002004763,0.000532813,0.294500043,0.455886667,0.208008219,0.002469644,9.949521383,1.759389525,0,1.436609869,0,3.355984292,0.787183785,0.001486892,6.01234673,3.708619942,0.00755694,0.001321485,0.158032712,0.750671095,0.006575315,0.108792865,0.513498445,0.007803223,1.843272553,4.480584937,2.853678785,10.84153261,7.303400209,0.071421006,0.033888456,0.334289441,0.067411963,0.002581559,0.003094299,2.73420533,0.123714465,0.011217134,0.006200047,1.757659984,0.175679192,0.004289589,0.008675638,0,0.003990712,0.004925572,0.083494411,1.817625074,0.000621298,0.819611219,0.002751686,0.129915015,1.543735801,0.015089365,12.55227533,0.069707934,0.085384262,0.002040338,0.573919461,8.442765944,0.209665518,8.35270733,2.175126828
0.00735505,0.112338207,0.015922805,0.028033274,17.06221887,0.905389231,3.194285605,0.369056237,12.73546113,0.001666773,3.327883738,0.23042669,0.000844738,0.000748833,0.215451214,0.448002186,0.184137572,0.003383133,10.51253776,3.621562974,0.002498637,2.830110424,0,5.599545037,0.980176903,0.001595927,5.033605327,5.349524575,0.006995448,0.002327884,0.250173089,0.391203561,0.007668088,0.120325823,0.50739143,0.00407077,1.879545043,5.326707871,2.926357973,11.73564627,10.65944253,0.097217691,0.057007064,0.428166925,0,0.004911079,0.01366602,2.862254584,0.059605281,0.005724957,0.007827353,3.275216469,0.078556693,0.030825137,0.003627475,0,0.00365153,0.010773501,0.054031122,2.806282194,0.004247085,1.150825793,0.003743203,0.011757377,2.266574842,0.011834128,17.82097014,0.12211993,0.081604016,0.00219151,0.712237434,8.285935674,0.208255048,9.984921004,4.377377038